Glucose,BloodPressure,Insulin,BMI,Age,Outcome
71,64,114,25.7,50,0
113,66,112,21.8,46,0
82,66,21,20.1,44,0
98,72,49,22.5,44,0
78,70,80,21.3,38,0
88,80,91,26.1,21,0
97,84,34,28.0,48,0
71,72,81,23.5,30,0
107,68,74,23.5,42,0
71,65,56,23.6,44,0
107,75,16,26.2,27,0
113,75,53,24.4,32,0
108,66,19,22.6,38,0
86,65,100,22.0,27,0
105,61,41,28.4,23,0
105,84,82,25.1,34,0
96,63,67,26.4,18,0
102,71,50,24.3,45,0
116,77,56,21.4,42,0
120,69,62,29.0,36,0
118,63,50,19.7,19,0
104,75,109,27.7,40,0
112,76,65,23.2,47,0
84,80,67,22.8,45,0
104,80,41,25.4,28,0
117,75,110,26.0,39,0
100,85,33,24.2,47,0
92,74,57,29.3,44,0
80,67,87,18.6,20,0
119,68,108,28.5,40,0
75,70,78,20.2,47,0
87,68,41,27.0,41,0
158,87,174,36.2,57,1
84,70,38,24.1,28,0
96,67,79,26.5,38,0
96,83,115,20.7,30,0
71,63,118,24.9,40,0
119,81,63,19.4,32,0
100,85,52,21.7,37,0
71,62,33,24.2,31,0
108,78,75,19.8,28,0
93,75,36,27.9,47,0
88,60,43,25.8,43,0
77,63,71,27.1,35,0
71,79,93,28.1,37,0
81,82,21,26.9,47,0
164,80,285,33.9,33,1
125,60,66,26.9,21,0
183,110,118,44.1,52,1
100,75,80,27.9,19,0
90,62,22,22.1,34,0
85,84,118,28.5,19,0
98,75,90,27.1,27,0
84,84,114,19.3,36,0
99,81,41,29.6,27,0
75,71,40,27.0,41,0
112,83,59,21.1,37,0
160,98,238,36.5,64,1
94,72,85,28.3,28,0
98,60,83,29.3,44,0
97,63,47,23.0,31,0
111,70,91,24.6,44,0
95,68,44,25.4,19,0
100,62,36,29.2,41,0
90,84,18,20.2,25,0
90,69,110,26.8,41,0
70,85,115,23.6,41,0
86,72,113,28.5,47,0
147,92,188,35.0,61,1
95,68,53,19.0,23,0
72,65,30,24.6,40,0
101,83,60,25.1,21,0
75,77,71,19.6,48,0
87,81,78,28.9,27,0
113,82,45,21.3,36,0
122,73,48,20.9,31,0
114,64,97,29.9,39,0
112,73,50,19.3,25,0
122,80,93,22.9,25,0
84,70,108,23.6,46,0
173,99,261,34.7,56,1
121,74,102,28.2,44,0
79,80,67,27.7,32,0
137,85,225,34.4,58,1
102,66,59,25.9,36,0
97,69,44,26.5,20,0
72,64,43,18.8,48,0
75,69,120,25.4,49,0
79,71,46,21.5,50,0
96,74,78,29.7,21,0
95,65,111,20.4,25,0
112,74,64,19.9,45,0
96,84,49,26.0,45,0
80,77,91,27.9,28,0
120,98,256,36.6,36,1
77,85,98,18.5,31,0
76,67,76,18.9,49,0
78,64,56,21.7,29,0
115,84,42,26.0,20,0
93,81,97,27.9,28,0
83,78,42,27.8,45,0
90,85,92,26.6,19,0
90,81,57,25.1,43,0
84,70,56,25.6,44,0
104,84,32,24.6,26,0
107,66,44,21.9,45,0
104,63,84,22.4,45,0
107,74,23,27.4,31,0
94,79,51,19.9,23,0
76,82,28,18.8,49,0
125,71,66,26.5,39,0
124,65,18,25.6,24,0
102,82,47,19.9,24,0
90,79,103,29.1,33,0
95,74,98,22.8,41,0
114,81,62,27.0,22,0
119,73,56,28.0,43,0
88,77,17,29.5,39,0
149,83,273,26.0,62,1
83,79,102,20.2,38,0
80,70,43,21.5,22,0
91,66,31,29.3,18,0
97,85,91,26.5,30,0
101,62,116,28.3,36,0
124,78,258,43.0,63,1
89,73,60,23.2,50,0
124,72,25,21.8,23,0
92,80,23,27.2,29,0
131,97,156,28.8,55,1
93,68,108,21.6,24,0
93,76,110,21.0,23,0
81,64,54,19.0,23,0
102,83,20,19.0,39,0
103,77,98,27.3,19,0
107,70,84,28.4,34,0
72,64,81,22.5,47,0
107,77,15,27.7,36,0
89,85,71,28.5,23,0
117,64,89,24.0,39,0
73,61,56,24.0,21,0
107,82,35,28.9,28,0
113,65,91,25.9,43,0
77,82,23,19.5,47,0
99,70,116,20.1,35,0
89,78,68,19.0,43,0
108,60,109,18.9,19,0
115,77,78,28.5,19,0
117,73,16,23.2,41,0
109,71,37,28.4,27,0
73,85,64,23.1,32,0
97,83,37,27.9,38,0
193,73,240,41.9,65,1
71,63,16,27.5,42,0
94,79,18,23.8,45,0
79,61,55,24.3,22,0
78,66,116,21.4,34,0
116,83,30,25.1,31,0
90,60,102,29.3,27,0
131,85,154,43.3,40,1
102,67,26,25.2,24,0
95,73,115,23.2,18,0
199,75,286,28.2,34,1
88,80,16,25.9,32,0
73,67,59,19.3,20,0
75,83,111,19.9,36,0
111,61,62,26.7,21,0
71,69,118,19.0,19,0
79,78,88,20.3,44,0
121,66,45,25.8,45,0
98,60,53,24.1,49,0
81,66,82,26.6,37,0
112,80,46,25.7,46,0
113,82,60,23.2,25,0
95,76,49,27.9,35,0
115,72,98,22.7,30,0
96,68,85,20.9,31,0
87,80,70,19.8,23,0
108,62,83,23.6,46,0
91,62,63,26.6,43,0
101,70,62,24.0,21,0
113,60,75,27.7,29,0
116,84,58,27.8,40,0
74,83,39,20.8,18,0
168,77,242,29.1,68,1
103,70,54,18.8,29,0
