round,accuracy,loss,energy_drain,latency_ms,comm_kb,training_time_sec
1,0.8333,0.0223,0.8,5.0,0.0,1.53
2,0.8642,0.0187,1.6,5.0,0.0,1.6
3,0.8775,0.0178,2.4,5.0,0.0,1.66
4,0.8875,0.0175,3.2,5.0,0.0,1.72
5,0.8667,0.0173,4.0,5.0,0.0,1.78
6,0.865,0.018,4.8,5.0,0.0,1.84
7,0.8575,0.0188,5.6,5.0,0.0,1.91
8,0.8958,0.0146,6.4,5.0,0.0,1.96
9,0.8608,0.0171,7.2,5.0,0.0,2.02
10,0.9125,0.0144,8.0,5.0,0.0,2.09
11,0.8925,0.0146,8.8,5.0,0.0,2.15
12,0.905,0.0136,9.6,5.0,0.0,2.21
13,0.9208,0.0135,10.4,5.0,0.0,2.27
14,0.9258,0.012,11.2,5.0,0.0,2.33
15,0.9217,0.0128,12.0,5.0,0.0,2.4
